match_id,season,start_date,venue,innings,ball,batting_team,bowling_team,striker,non_striker,bowler,runs_off_bat,extras,wides,noballs,byes,legbyes,penalty,wicket_type,player_dismissed,other_wicket_type,other_player_dismissed
1443566,2024/25,2024-12-21,"Basin Reserve, Wellington",1,0.1,Australia,New Zealand,AJ Healy,P Litchfield,RA Mair,0,1,1,,,,,,,,
1443566,2024/25,2024-12-21,"Basin Reserve, Wellington",1,0.2,Australia,New Zealand,AJ Healy,P Litchfield,RA Mair,4,0,,,,,,,,,
1443566,2024/25,2024-12-21,"Basin Reserve, Wellington",1,0.3,Australia,New Zealand,AJ Healy,P Litchfield,RA Mair,0,0,,,,,,,,,
1443566,2024/25,2024-12-21,"Basin Reserve, Wellington",1,0.4,Australia,New Zealand,AJ Healy,P Litchfield,RA Mair,0,0,,,,,,,,,
1443566,2024/25,2024-12-21,"Basin Reserve, Wellington",1,0.5,Australia,New Zealand,AJ Healy,P Litchfield,RA Mair,1,0,,,,,,,,,
1443566,2024/25,2024-12-21,"Basin Reserve, Wellington",1,0.6,Australia,New Zealand,P Litchfield,AJ Healy,RA Mair,0,0,,,,,,,,,
1443566,2024/25,2024-12-21,"Basin Reserve, Wellington",1,0.7,Australia,New Zealand,P Litchfield,AJ Healy,RA Mair,1,0,,,,,,,,,
1443566,2024/25,2024-12-21,"Basin Reserve, Wellington",1,1.1,Australia,New Zealand,P Litchfield,AJ Healy,MM Penfold,0,0,,,,,,,,,
1443566,2024/25,2024-12-21,"Basin Reserve, Wellington",1,1.2,Australia,New Zealand,P Litchfield,AJ Healy,MM Penfold,0,1,1,,,,,,,,
1443566,2024/25,2024-12-21,"Basin Reserve, Wellington",1,1.3,Australia,New Zealand,P Litchfield,AJ Healy,MM Penfold,1,0,,,,,,,,,
1443566,2024/25,2024-12-21,"Basin Reserve, Wellington",1,1.4,Australia,New Zealand,AJ Healy,P Litchfield,MM Penfold,0,0,,,,,,,,,
1443566,2024/25,2024-12-21,"Basin Reserve, Wellington",1,1.5,Australia,New Zealand,AJ Healy,P Litchfield,MM Penfold,0,1,1,,,,,,,,
1443566,2024/25,2024-12-21,"Basin Reserve, Wellington",1,1.6,Australia,New Zealand,AJ Healy,P Litchfield,MM Penfold,0,0,,,,,,,,,
1443566,2024/25,2024-12-21,"Basin Reserve, Wellington",1,1.7,Australia,New Zealand,AJ Healy,P Litchfield,MM Penfold,0,0,,,,,,,,,
1443566,2024/25,2024-12-21,"Basin Reserve, Wellington",1,1.8,Australia,New Zealand,AJ Healy,P Litchfield,MM Penfold,1,0,,,,,,,,,
1443566,2024/25,2024-12-21,"Basin Reserve, Wellington",1,2.1,Australia,New Zealand,AJ Healy,P Litchfield,RA Mair,0,0,,,,,,,,,
1443566,2024/25,2024-12-21,"Basin Reserve, Wellington",1,2.2,Australia,New Zealand,AJ Healy,P Litchfield,RA Mair,0,0,,,,,,,,,
1443566,2024/25,2024-12-21,"Basin Reserve, Wellington",1,2.3,Australia,New Zealand,AJ Healy,P Litchfield,RA Mair,0,0,,,,,,,,,
1443566,2024/25,2024-12-21,"Basin Reserve, Wellington",1,2.4,Australia,New Zealand,AJ Healy,P Litchfield,RA Mair,0,0,,,,,,,,,
1443566,2024/25,2024-12-21,"Basin Reserve, Wellington",1,2.5,Australia,New Zealand,AJ Healy,P Litchfield,RA Mair,4,0,,,,,,,,,
1443566,2024/25,2024-12-21,"Basin Reserve, Wellington",1,2.6,Australia,New Zealand,AJ Healy,P Litchfield,RA Mair,4,0,,,,,,,,,
1443566,2024/25,2024-12-21,"Basin Reserve, Wellington",1,3.1,Australia,New Zealand,P Litchfield,AJ Healy,MM Penfold,0,0,,,,,,,,,
1443566,2024/25,2024-12-21,"Basin Reserve, Wellington",1,3.2,Australia,New Zealand,P Litchfield,AJ Healy,MM Penfold,1,0,,,,,,,,,
1443566,2024/25,2024-12-21,"Basin Reserve, Wellington",1,3.3,Australia,New Zealand,AJ Healy,P Litchfield,MM Penfold,0,0,,,,,,,,,
1443566,2024/25,2024-12-21,"Basin Reserve, Wellington",1,3.4,Australia,New Zealand,AJ Healy,P Litchfield,MM Penfold,0,0,,,,,,,,,
1443566,2024/25,2024-12-21,"Basin Reserve, Wellington",1,3.5,Australia,New Zealand,AJ Healy,P Litchfield,MM Penfold,1,0,,,,,,,,,
1443566,2024/25,2024-12-21,"Basin Reserve, Wellington",1,3.6,Australia,New Zealand,P Litchfield,AJ Healy,MM Penfold,0,0,,,,,,,,,
1443566,2024/25,2024-12-21,"Basin Reserve, Wellington",1,4.1,Australia,New Zealand,AJ Healy,P Litchfield,RA Mair,0,0,,,,,,,,,
1443566,2024/25,2024-12-21,"Basin Reserve, Wellington",1,4.2,Australia,New Zealand,AJ Healy,P Litchfield,RA Mair,4,0,,,,,,,,,
1443566,2024/25,2024-12-21,"Basin Reserve, Wellington",1,4.3,Australia,New Zealand,AJ Healy,P Litchfield,RA Mair,0,0,,,,,,,,,
1443566,2024/25,2024-12-21,"Basin Reserve, Wellington",1,4.4,Australia,New Zealand,AJ Healy,P Litchfield,RA Mair,0,0,,,,,,,,,
1443566,2024/25,2024-12-21,"Basin Reserve, Wellington",1,4.5,Australia,New Zealand,AJ Healy,P Litchfield,RA Mair,4,0,,,,,,,,,
1443566,2024/25,2024-12-21,"Basin Reserve, Wellington",1,4.6,Australia,New Zealand,AJ Healy,P Litchfield,RA Mair,0,0,,,,,,,,,
1443566,2024/25,2024-12-21,"Basin Reserve, Wellington",1,5.1,Australia,New Zealand,P Litchfield,AJ Healy,SFM Devine,0,0,,,,,,,,,
1443566,2024/25,2024-12-21,"Basin Reserve, Wellington",1,5.2,Australia,New Zealand,P Litchfield,AJ Healy,SFM Devine,0,0,,,,,,,,,
1443566,2024/25,2024-12-21,"Basin Reserve, Wellington",1,5.3,Australia,New Zealand,P Litchfield,AJ Healy,SFM Devine,0,0,,,,,,,,,
1443566,2024/25,2024-12-21,"Basin Reserve, Wellington",1,5.4,Australia,New Zealand,P Litchfield,AJ Healy,SFM Devine,1,0,,,,,,,,,
1443566,2024/25,2024-12-21,"Basin Reserve, Wellington",1,5.5,Australia,New Zealand,AJ Healy,P Litchfield,SFM Devine,1,0,,,,,,,,,
1443566,2024/25,2024-12-21,"Basin Reserve, Wellington",1,5.6,Australia,New Zealand,P Litchfield,AJ Healy,SFM Devine,0,0,,,,,,,,,
1443566,2024/25,2024-12-21,"Basin Reserve, Wellington",1,6.1,Australia,New Zealand,AJ Healy,P Litchfield,MM Penfold,4,0,,,,,,,,,
1443566,2024/25,2024-12-21,"Basin Reserve, Wellington",1,6.2,Australia,New Zealand,AJ Healy,P Litchfield,MM Penfold,0,0,,,,,,,,,
1443566,2024/25,2024-12-21,"Basin Reserve, Wellington",1,6.3,Australia,New Zealand,AJ Healy,P Litchfield,MM Penfold,0,0,,,,,,,,,
1443566,2024/25,2024-12-21,"Basin Reserve, Wellington",1,6.4,Australia,New Zealand,AJ Healy,P Litchfield,MM Penfold,4,0,,,,,,,,,
1443566,2024/25,2024-12-21,"Basin Reserve, Wellington",1,6.5,Australia,New Zealand,AJ Healy,P Litchfield,MM Penfold,1,0,,,,,,,,,
1443566,2024/25,2024-12-21,"Basin Reserve, Wellington",1,6.6,Australia,New Zealand,P Litchfield,AJ Healy,MM Penfold,0,0,,,,,,,,,
1443566,2024/25,2024-12-21,"Basin Reserve, Wellington",1,7.1,Australia,New Zealand,AJ Healy,P Litchfield,SFM Devine,1,0,,,,,,,,,
1443566,2024/25,2024-12-21,"Basin Reserve, Wellington",1,7.2,Australia,New Zealand,P Litchfield,AJ Healy,SFM Devine,0,0,,,,,,,,,
1443566,2024/25,2024-12-21,"Basin Reserve, Wellington",1,7.3,Australia,New Zealand,P Litchfield,AJ Healy,SFM Devine,0,0,,,,,,,,,
1443566,2024/25,2024-12-21,"Basin Reserve, Wellington",1,7.4,Australia,New Zealand,P Litchfield,AJ Healy,SFM Devine,2,0,,,,,,,,,
1443566,2024/25,2024-12-21,"Basin Reserve, Wellington",1,7.5,Australia,New Zealand,P Litchfield,AJ Healy,SFM Devine,0,0,,,,,,,,,
1443566,2024/25,2024-12-21,"Basin Reserve, Wellington",1,7.6,Australia,New Zealand,P Litchfield,AJ Healy,SFM Devine,0,0,,,,,,,,,
1443566,2024/25,2024-12-21,"Basin Reserve, Wellington",1,8.1,Australia,New Zealand,AJ Healy,P Litchfield,MM Penfold,0,0,,,,,,,,,
1443566,2024/25,2024-12-21,"Basin Reserve, Wellington",1,8.2,Australia,New Zealand,AJ Healy,P Litchfield,MM Penfold,0,0,,,,,,caught,AJ Healy,,
1443566,2024/25,2024-12-21,"Basin Reserve, Wellington",1,8.3,Australia,New Zealand,EA Perry,P Litchfield,MM Penfold,0,0,,,,,,,,,
1443566,2024/25,2024-12-21,"Basin Reserve, Wellington",1,8.4,Australia,New Zealand,EA Perry,P Litchfield,MM Penfold,0,0,,,,,,,,,
1443566,2024/25,2024-12-21,"Basin Reserve, Wellington",1,8.5,Australia,New Zealand,EA Perry,P Litchfield,MM Penfold,0,0,,,,,,,,,
1443566,2024/25,2024-12-21,"Basin Reserve, Wellington",1,8.6,Australia,New Zealand,EA Perry,P Litchfield,MM Penfold,0,0,,,,,,,,,
1443566,2024/25,2024-12-21,"Basin Reserve, Wellington",1,9.1,Australia,New Zealand,P Litchfield,EA Perry,SFM Devine,2,0,,,,,,,,,
1443566,2024/25,2024-12-21,"Basin Reserve, Wellington",1,9.2,Australia,New Zealand,P Litchfield,EA Perry,SFM Devine,0,0,,,,,,,,,
1443566,2024/25,2024-12-21,"Basin Reserve, Wellington",1,9.3,Australia,New Zealand,P Litchfield,EA Perry,SFM Devine,0,0,,,,,,,,,
1443566,2024/25,2024-12-21,"Basin Reserve, Wellington",1,9.4,Australia,New Zealand,P Litchfield,EA Perry,SFM Devine,0,0,,,,,,,,,
1443566,2024/25,2024-12-21,"Basin Reserve, Wellington",1,9.5,Australia,New Zealand,P Litchfield,EA Perry,SFM Devine,0,0,,,,,,,,,
1443566,2024/25,2024-12-21,"Basin Reserve, Wellington",1,9.6,Australia,New Zealand,P Litchfield,EA Perry,SFM Devine,0,0,,,,,,,,,
1443566,2024/25,2024-12-21,"Basin Reserve, Wellington",1,10.1,Australia,New Zealand,EA Perry,P Litchfield,MM Penfold,0,0,,,,,,,,,
1443566,2024/25,2024-12-21,"Basin Reserve, Wellington",1,10.2,Australia,New Zealand,EA Perry,P Litchfield,MM Penfold,0,1,1,,,,,,,,
1443566,2024/25,2024-12-21,"Basin Reserve, Wellington",1,10.3,Australia,New Zealand,EA Perry,P Litchfield,MM Penfold,0,0,,,,,,,,,
1443566,2024/25,2024-12-21,"Basin Reserve, Wellington",1,10.4,Australia,New Zealand,EA Perry,P Litchfield,MM Penfold,0,0,,,,,,,,,
1443566,2024/25,2024-12-21,"Basin Reserve, Wellington",1,10.5,Australia,New Zealand,EA Perry,P Litchfield,MM Penfold,0,0,,,,,,,,,
1443566,2024/25,2024-12-21,"Basin Reserve, Wellington",1,10.6,Australia,New Zealand,EA Perry,P Litchfield,MM Penfold,0,0,,,,,,,,,
1443566,2024/25,2024-12-21,"Basin Reserve, Wellington",1,10.7,Australia,New Zealand,EA Perry,P Litchfield,MM Penfold,1,0,,,,,,,,,
1443566,2024/25,2024-12-21,"Basin Reserve, Wellington",1,11.1,Australia,New Zealand,EA Perry,P Litchfield,SFM Devine,0,0,,,,,,,,,
1443566,2024/25,2024-12-21,"Basin Reserve, Wellington",1,11.2,Australia,New Zealand,EA Perry,P Litchfield,SFM Devine,0,0,,,,,,,,,
1443566,2024/25,2024-12-21,"Basin Reserve, Wellington",1,11.3,Australia,New Zealand,EA Perry,P Litchfield,SFM Devine,0,0,,,,,,,,,
1443566,2024/25,2024-12-21,"Basin Reserve, Wellington",1,11.4,Australia,New Zealand,EA Perry,P Litchfield,SFM Devine,0,0,,,,,,,,,
1443566,2024/25,2024-12-21,"Basin Reserve, Wellington",1,11.5,Australia,New Zealand,EA Perry,P Litchfield,SFM Devine,1,0,,,,,,,,,
1443566,2024/25,2024-12-21,"Basin Reserve, Wellington",1,11.6,Australia,New Zealand,P Litchfield,EA Perry,SFM Devine,4,0,,,,,,,,,
1443566,2024/25,2024-12-21,"Basin Reserve, Wellington",1,12.1,Australia,New Zealand,EA Perry,P Litchfield,AC Kerr,1,0,,,,,,,,,
1443566,2024/25,2024-12-21,"Basin Reserve, Wellington",1,12.2,Australia,New Zealand,P Litchfield,EA Perry,AC Kerr,0,0,,,,,,,,,
1443566,2024/25,2024-12-21,"Basin Reserve, Wellington",1,12.3,Australia,New Zealand,P Litchfield,EA Perry,AC Kerr,4,0,,,,,,,,,
1443566,2024/25,2024-12-21,"Basin Reserve, Wellington",1,12.4,Australia,New Zealand,P Litchfield,EA Perry,AC Kerr,0,0,,,,,,,,,
1443566,2024/25,2024-12-21,"Basin Reserve, Wellington",1,12.5,Australia,New Zealand,P Litchfield,EA Perry,AC Kerr,4,0,,,,,,,,,
1443566,2024/25,2024-12-21,"Basin Reserve, Wellington",1,12.6,Australia,New Zealand,P Litchfield,EA Perry,AC Kerr,1,0,,,,,,,,,
1443566,2024/25,2024-12-21,"Basin Reserve, Wellington",1,13.1,Australia,New Zealand,P Litchfield,EA Perry,SFM Devine,0,0,,,,,,,,,
1443566,2024/25,2024-12-21,"Basin Reserve, Wellington",1,13.2,Australia,New Zealand,P Litchfield,EA Perry,SFM Devine,0,0,,,,,,,,,
1443566,2024/25,2024-12-21,"Basin Reserve, Wellington",1,13.3,Australia,New Zealand,P Litchfield,EA Perry,SFM Devine,1,0,,,,,,,,,
1443566,2024/25,2024-12-21,"Basin Reserve, Wellington",1,13.4,Australia,New Zealand,EA Perry,P Litchfield,SFM Devine,4,0,,,,,,,,,
1443566,2024/25,2024-12-21,"Basin Reserve, Wellington",1,13.5,Australia,New Zealand,EA Perry,P Litchfield,SFM Devine,1,0,,,,,,,,,
1443566,2024/25,2024-12-21,"Basin Reserve, Wellington",1,13.6,Australia,New Zealand,P Litchfield,EA Perry,SFM Devine,1,0,,,,,,,,,
1443566,2024/25,2024-12-21,"Basin Reserve, Wellington",1,14.1,Australia,New Zealand,P Litchfield,EA Perry,AC Kerr,0,0,,,,,,,,,
1443566,2024/25,2024-12-21,"Basin Reserve, Wellington",1,14.2,Australia,New Zealand,P Litchfield,EA Perry,AC Kerr,1,0,,,,,,,,,
1443566,2024/25,2024-12-21,"Basin Reserve, Wellington",1,14.3,Australia,New Zealand,EA Perry,P Litchfield,AC Kerr,1,0,,,,,,,,,
1443566,2024/25,2024-12-21,"Basin Reserve, Wellington",1,14.4,Australia,New Zealand,P Litchfield,EA Perry,AC Kerr,1,0,,,,,,,,,
1443566,2024/25,2024-12-21,"Basin Reserve, Wellington",1,14.5,Australia,New Zealand,EA Perry,P Litchfield,AC Kerr,1,0,,,,,,,,,
1443566,2024/25,2024-12-21,"Basin Reserve, Wellington",1,14.6,Australia,New Zealand,P Litchfield,EA Perry,AC Kerr,0,0,,,,,,,,,
1443566,2024/25,2024-12-21,"Basin Reserve, Wellington",1,15.1,Australia,New Zealand,EA Perry,P Litchfield,RA Mair,1,0,,,,,,,,,
1443566,2024/25,2024-12-21,"Basin Reserve, Wellington",1,15.2,Australia,New Zealand,P Litchfield,EA Perry,RA Mair,0,0,,,,,,caught,P Litchfield,,
1443566,2024/25,2024-12-21,"Basin Reserve, Wellington",1,15.3,Australia,New Zealand,BL Mooney,EA Perry,RA Mair,1,0,,,,,,,,,
1443566,2024/25,2024-12-21,"Basin Reserve, Wellington",1,15.4,Australia,New Zealand,EA Perry,BL Mooney,RA Mair,0,0,,,,,,,,,
1443566,2024/25,2024-12-21,"Basin Reserve, Wellington",1,15.5,Australia,New Zealand,EA Perry,BL Mooney,RA Mair,0,0,,,,,,,,,
1443566,2024/25,2024-12-21,"Basin Reserve, Wellington",1,15.6,Australia,New Zealand,EA Perry,BL Mooney,RA Mair,1,0,,,,,,,,,
1443566,2024/25,2024-12-21,"Basin Reserve, Wellington",1,16.1,Australia,New Zealand,EA Perry,BL Mooney,AC Kerr,4,0,,,,,,,,,
1443566,2024/25,2024-12-21,"Basin Reserve, Wellington",1,16.2,Australia,New Zealand,EA Perry,BL Mooney,AC Kerr,1,0,,,,,,,,,
1443566,2024/25,2024-12-21,"Basin Reserve, Wellington",1,16.3,Australia,New Zealand,BL Mooney,EA Perry,AC Kerr,0,0,,,,,,,,,
1443566,2024/25,2024-12-21,"Basin Reserve, Wellington",1,16.4,Australia,New Zealand,BL Mooney,EA Perry,AC Kerr,1,0,,,,,,,,,
1443566,2024/25,2024-12-21,"Basin Reserve, Wellington",1,16.5,Australia,New Zealand,EA Perry,BL Mooney,AC Kerr,0,0,,,,,,,,,
1443566,2024/25,2024-12-21,"Basin Reserve, Wellington",1,16.6,Australia,New Zealand,EA Perry,BL Mooney,AC Kerr,0,0,,,,,,,,,
1443566,2024/25,2024-12-21,"Basin Reserve, Wellington",1,17.1,Australia,New Zealand,BL Mooney,EA Perry,RA Mair,1,0,,,,,,,,,
1443566,2024/25,2024-12-21,"Basin Reserve, Wellington",1,17.2,Australia,New Zealand,EA Perry,BL Mooney,RA Mair,0,0,,,,,,,,,
1443566,2024/25,2024-12-21,"Basin Reserve, Wellington",1,17.3,Australia,New Zealand,EA Perry,BL Mooney,RA Mair,0,0,,,,,,,,,
1443566,2024/25,2024-12-21,"Basin Reserve, Wellington",1,17.4,Australia,New Zealand,EA Perry,BL Mooney,RA Mair,0,0,,,,,,,,,
1443566,2024/25,2024-12-21,"Basin Reserve, Wellington",1,17.5,Australia,New Zealand,EA Perry,BL Mooney,RA Mair,0,0,,,,,,,,,
1443566,2024/25,2024-12-21,"Basin Reserve, Wellington",1,17.6,Australia,New Zealand,EA Perry,BL Mooney,RA Mair,0,0,,,,,,,,,
1443566,2024/25,2024-12-21,"Basin Reserve, Wellington",1,18.1,Australia,New Zealand,BL Mooney,EA Perry,EJ Carson,1,0,,,,,,,,,
1443566,2024/25,2024-12-21,"Basin Reserve, Wellington",1,18.2,Australia,New Zealand,EA Perry,BL Mooney,EJ Carson,4,0,,,,,,,,,
1443566,2024/25,2024-12-21,"Basin Reserve, Wellington",1,18.3,Australia,New Zealand,EA Perry,BL Mooney,EJ Carson,1,0,,,,,,,,,
1443566,2024/25,2024-12-21,"Basin Reserve, Wellington",1,18.4,Australia,New Zealand,BL Mooney,EA Perry,EJ Carson,1,0,,,,,,,,,
1443566,2024/25,2024-12-21,"Basin Reserve, Wellington",1,18.5,Australia,New Zealand,EA Perry,BL Mooney,EJ Carson,1,0,,,,,,,,,
1443566,2024/25,2024-12-21,"Basin Reserve, Wellington",1,18.6,Australia,New Zealand,BL Mooney,EA Perry,EJ Carson,0,0,,,,,,,,,
1443566,2024/25,2024-12-21,"Basin Reserve, Wellington",1,19.1,Australia,New Zealand,EA Perry,BL Mooney,RA Mair,1,0,,,,,,,,,
1443566,2024/25,2024-12-21,"Basin Reserve, Wellington",1,19.2,Australia,New Zealand,BL Mooney,EA Perry,RA Mair,0,0,,,,,,,,,
1443566,2024/25,2024-12-21,"Basin Reserve, Wellington",1,19.3,Australia,New Zealand,BL Mooney,EA Perry,RA Mair,0,0,,,,,,,,,
1443566,2024/25,2024-12-21,"Basin Reserve, Wellington",1,19.4,Australia,New Zealand,BL Mooney,EA Perry,RA Mair,0,0,,,,,,,,,
1443566,2024/25,2024-12-21,"Basin Reserve, Wellington",1,19.5,Australia,New Zealand,BL Mooney,EA Perry,RA Mair,0,1,1,,,,,,,,
1443566,2024/25,2024-12-21,"Basin Reserve, Wellington",1,19.6,Australia,New Zealand,BL Mooney,EA Perry,RA Mair,1,0,,,,,,,,,
1443566,2024/25,2024-12-21,"Basin Reserve, Wellington",1,19.7,Australia,New Zealand,EA Perry,BL Mooney,RA Mair,0,0,,,,,,,,,
1443566,2024/25,2024-12-21,"Basin Reserve, Wellington",1,20.1,Australia,New Zealand,BL Mooney,EA Perry,EJ Carson,0,1,1,,,,,,,,
1443566,2024/25,2024-12-21,"Basin Reserve, Wellington",1,20.2,Australia,New Zealand,BL Mooney,EA Perry,EJ Carson,0,0,,,,,,,,,
1443566,2024/25,2024-12-21,"Basin Reserve, Wellington",1,20.3,Australia,New Zealand,BL Mooney,EA Perry,EJ Carson,0,0,,,,,,,,,
1443566,2024/25,2024-12-21,"Basin Reserve, Wellington",1,20.4,Australia,New Zealand,BL Mooney,EA Perry,EJ Carson,1,0,,,,,,,,,
1443566,2024/25,2024-12-21,"Basin Reserve, Wellington",1,20.5,Australia,New Zealand,EA Perry,BL Mooney,EJ Carson,1,0,,,,,,,,,
1443566,2024/25,2024-12-21,"Basin Reserve, Wellington",1,20.6,Australia,New Zealand,BL Mooney,EA Perry,EJ Carson,0,0,,,,,,,,,
1443566,2024/25,2024-12-21,"Basin Reserve, Wellington",1,20.7,Australia,New Zealand,BL Mooney,EA Perry,EJ Carson,4,0,,,,,,,,,
1443566,2024/25,2024-12-21,"Basin Reserve, Wellington",1,21.1,Australia,New Zealand,EA Perry,BL Mooney,MM Penfold,0,1,,,,1,,,,,
1443566,2024/25,2024-12-21,"Basin Reserve, Wellington",1,21.2,Australia,New Zealand,BL Mooney,EA Perry,MM Penfold,0,0,,,,,,,,,
1443566,2024/25,2024-12-21,"Basin Reserve, Wellington",1,21.3,Australia,New Zealand,BL Mooney,EA Perry,MM Penfold,1,0,,,,,,,,,
1443566,2024/25,2024-12-21,"Basin Reserve, Wellington",1,21.4,Australia,New Zealand,EA Perry,BL Mooney,MM Penfold,4,0,,,,,,,,,
1443566,2024/25,2024-12-21,"Basin Reserve, Wellington",1,21.5,Australia,New Zealand,EA Perry,BL Mooney,MM Penfold,0,0,,,,,,caught,EA Perry,,
1443566,2024/25,2024-12-21,"Basin Reserve, Wellington",1,21.6,Australia,New Zealand,A Sutherland,BL Mooney,MM Penfold,0,0,,,,,,,,,
1443566,2024/25,2024-12-21,"Basin Reserve, Wellington",1,22.1,Australia,New Zealand,BL Mooney,A Sutherland,AC Kerr,0,0,,,,,,,,,
1443566,2024/25,2024-12-21,"Basin Reserve, Wellington",1,22.2,Australia,New Zealand,BL Mooney,A Sutherland,AC Kerr,0,0,,,,,,,,,
1443566,2024/25,2024-12-21,"Basin Reserve, Wellington",1,22.3,Australia,New Zealand,BL Mooney,A Sutherland,AC Kerr,1,0,,,,,,,,,
1443566,2024/25,2024-12-21,"Basin Reserve, Wellington",1,22.4,Australia,New Zealand,A Sutherland,BL Mooney,AC Kerr,1,0,,,,,,,,,
1443566,2024/25,2024-12-21,"Basin Reserve, Wellington",1,22.5,Australia,New Zealand,BL Mooney,A Sutherland,AC Kerr,0,0,,,,,,,,,
1443566,2024/25,2024-12-21,"Basin Reserve, Wellington",1,22.6,Australia,New Zealand,BL Mooney,A Sutherland,AC Kerr,1,0,,,,,,,,,
1443566,2024/25,2024-12-21,"Basin Reserve, Wellington",1,23.1,Australia,New Zealand,BL Mooney,A Sutherland,MM Penfold,0,0,,,,,,caught,BL Mooney,,
1443566,2024/25,2024-12-21,"Basin Reserve, Wellington",1,23.2,Australia,New Zealand,A Gardner,A Sutherland,MM Penfold,0,1,1,,,,,,,,
1443566,2024/25,2024-12-21,"Basin Reserve, Wellington",1,23.3,Australia,New Zealand,A Gardner,A Sutherland,MM Penfold,0,0,,,,,,,,,
1443566,2024/25,2024-12-21,"Basin Reserve, Wellington",1,23.4,Australia,New Zealand,A Gardner,A Sutherland,MM Penfold,2,0,,,,,,,,,
1443566,2024/25,2024-12-21,"Basin Reserve, Wellington",1,23.5,Australia,New Zealand,A Gardner,A Sutherland,MM Penfold,0,0,,,,,,,,,
1443566,2024/25,2024-12-21,"Basin Reserve, Wellington",1,23.6,Australia,New Zealand,A Gardner,A Sutherland,MM Penfold,0,0,,,,,,,,,
1443566,2024/25,2024-12-21,"Basin Reserve, Wellington",1,23.7,Australia,New Zealand,A Gardner,A Sutherland,MM Penfold,0,0,,,,,,,,,
1443566,2024/25,2024-12-21,"Basin Reserve, Wellington",1,24.1,Australia,New Zealand,A Sutherland,A Gardner,AC Kerr,0,0,,,,,,,,,
1443566,2024/25,2024-12-21,"Basin Reserve, Wellington",1,24.2,Australia,New Zealand,A Sutherland,A Gardner,AC Kerr,0,0,,,,,,,,,
1443566,2024/25,2024-12-21,"Basin Reserve, Wellington",1,24.3,Australia,New Zealand,A Sutherland,A Gardner,AC Kerr,1,0,,,,,,,,,
1443566,2024/25,2024-12-21,"Basin Reserve, Wellington",1,24.4,Australia,New Zealand,A Gardner,A Sutherland,AC Kerr,0,0,,,,,,,,,
1443566,2024/25,2024-12-21,"Basin Reserve, Wellington",1,24.5,Australia,New Zealand,A Gardner,A Sutherland,AC Kerr,0,0,,,,,,,,,
1443566,2024/25,2024-12-21,"Basin Reserve, Wellington",1,24.6,Australia,New Zealand,A Gardner,A Sutherland,AC Kerr,0,0,,,,,,,,,
1443566,2024/25,2024-12-21,"Basin Reserve, Wellington",1,25.1,Australia,New Zealand,A Sutherland,A Gardner,SFM Devine,0,0,,,,,,,,,
1443566,2024/25,2024-12-21,"Basin Reserve, Wellington",1,25.2,Australia,New Zealand,A Sutherland,A Gardner,SFM Devine,2,0,,,,,,,,,
1443566,2024/25,2024-12-21,"Basin Reserve, Wellington",1,25.3,Australia,New Zealand,A Sutherland,A Gardner,SFM Devine,0,0,,,,,,,,,
1443566,2024/25,2024-12-21,"Basin Reserve, Wellington",1,25.4,Australia,New Zealand,A Sutherland,A Gardner,SFM Devine,4,0,,,,,,,,,
1443566,2024/25,2024-12-21,"Basin Reserve, Wellington",1,25.5,Australia,New Zealand,A Sutherland,A Gardner,SFM Devine,0,0,,,,,,,,,
1443566,2024/25,2024-12-21,"Basin Reserve, Wellington",1,25.6,Australia,New Zealand,A Sutherland,A Gardner,SFM Devine,0,0,,,,,,,,,
1443566,2024/25,2024-12-21,"Basin Reserve, Wellington",1,26.1,Australia,New Zealand,A Gardner,A Sutherland,AC Kerr,4,0,,,,,,,,,
1443566,2024/25,2024-12-21,"Basin Reserve, Wellington",1,26.2,Australia,New Zealand,A Gardner,A Sutherland,AC Kerr,0,0,,,,,,,,,
1443566,2024/25,2024-12-21,"Basin Reserve, Wellington",1,26.3,Australia,New Zealand,A Gardner,A Sutherland,AC Kerr,1,0,,,,,,,,,
1443566,2024/25,2024-12-21,"Basin Reserve, Wellington",1,26.4,Australia,New Zealand,A Sutherland,A Gardner,AC Kerr,0,0,,,,,,,,,
1443566,2024/25,2024-12-21,"Basin Reserve, Wellington",1,26.5,Australia,New Zealand,A Sutherland,A Gardner,AC Kerr,2,0,,,,,,,,,
1443566,2024/25,2024-12-21,"Basin Reserve, Wellington",1,26.6,Australia,New Zealand,A Sutherland,A Gardner,AC Kerr,1,0,,,,,,,,,
1443566,2024/25,2024-12-21,"Basin Reserve, Wellington",1,27.1,Australia,New Zealand,A Sutherland,A Gardner,SFM Devine,0,0,,,,,,,,,
1443566,2024/25,2024-12-21,"Basin Reserve, Wellington",1,27.2,Australia,New Zealand,A Sutherland,A Gardner,SFM Devine,1,0,,,,,,,,,
1443566,2024/25,2024-12-21,"Basin Reserve, Wellington",1,27.3,Australia,New Zealand,A Gardner,A Sutherland,SFM Devine,1,0,,,,,,,,,
1443566,2024/25,2024-12-21,"Basin Reserve, Wellington",1,27.4,Australia,New Zealand,A Sutherland,A Gardner,SFM Devine,0,0,,,,,,,,,
1443566,2024/25,2024-12-21,"Basin Reserve, Wellington",1,27.5,Australia,New Zealand,A Sutherland,A Gardner,SFM Devine,4,0,,,,,,,,,
1443566,2024/25,2024-12-21,"Basin Reserve, Wellington",1,27.6,Australia,New Zealand,A Sutherland,A Gardner,SFM Devine,0,0,,,,,,,,,
1443566,2024/25,2024-12-21,"Basin Reserve, Wellington",1,28.1,Australia,New Zealand,A Gardner,A Sutherland,AC Kerr,0,0,,,,,,,,,
1443566,2024/25,2024-12-21,"Basin Reserve, Wellington",1,28.2,Australia,New Zealand,A Gardner,A Sutherland,AC Kerr,0,0,,,,,,,,,
1443566,2024/25,2024-12-21,"Basin Reserve, Wellington",1,28.3,Australia,New Zealand,A Gardner,A Sutherland,AC Kerr,4,0,,,,,,,,,
1443566,2024/25,2024-12-21,"Basin Reserve, Wellington",1,28.4,Australia,New Zealand,A Gardner,A Sutherland,AC Kerr,1,0,,,,,,,,,
1443566,2024/25,2024-12-21,"Basin Reserve, Wellington",1,28.5,Australia,New Zealand,A Sutherland,A Gardner,AC Kerr,0,0,,,,,,,,,
1443566,2024/25,2024-12-21,"Basin Reserve, Wellington",1,28.6,Australia,New Zealand,A Sutherland,A Gardner,AC Kerr,0,0,,,,,,,,,
1443566,2024/25,2024-12-21,"Basin Reserve, Wellington",1,29.1,Australia,New Zealand,A Gardner,A Sutherland,RA Mair,0,0,,,,,,,,,
1443566,2024/25,2024-12-21,"Basin Reserve, Wellington",1,29.2,Australia,New Zealand,A Gardner,A Sutherland,RA Mair,2,0,,,,,,,,,
1443566,2024/25,2024-12-21,"Basin Reserve, Wellington",1,29.3,Australia,New Zealand,A Gardner,A Sutherland,RA Mair,1,0,,,,,,,,,
1443566,2024/25,2024-12-21,"Basin Reserve, Wellington",1,29.4,Australia,New Zealand,A Sutherland,A Gardner,RA Mair,0,0,,,,,,,,,
1443566,2024/25,2024-12-21,"Basin Reserve, Wellington",1,29.5,Australia,New Zealand,A Sutherland,A Gardner,RA Mair,1,0,,,,,,,,,
1443566,2024/25,2024-12-21,"Basin Reserve, Wellington",1,29.6,Australia,New Zealand,A Gardner,A Sutherland,RA Mair,0,0,,,,,,,,,
1443566,2024/25,2024-12-21,"Basin Reserve, Wellington",1,30.1,Australia,New Zealand,A Sutherland,A Gardner,EJ Carson,0,0,,,,,,,,,
1443566,2024/25,2024-12-21,"Basin Reserve, Wellington",1,30.2,Australia,New Zealand,A Sutherland,A Gardner,EJ Carson,2,0,,,,,,,,,
1443566,2024/25,2024-12-21,"Basin Reserve, Wellington",1,30.3,Australia,New Zealand,A Sutherland,A Gardner,EJ Carson,2,0,,,,,,,,,
1443566,2024/25,2024-12-21,"Basin Reserve, Wellington",1,30.4,Australia,New Zealand,A Sutherland,A Gardner,EJ Carson,1,0,,,,,,,,,
1443566,2024/25,2024-12-21,"Basin Reserve, Wellington",1,30.5,Australia,New Zealand,A Gardner,A Sutherland,EJ Carson,1,0,,,,,,,,,
1443566,2024/25,2024-12-21,"Basin Reserve, Wellington",1,30.6,Australia,New Zealand,A Sutherland,A Gardner,EJ Carson,4,0,,,,,,,,,
1443566,2024/25,2024-12-21,"Basin Reserve, Wellington",1,31.1,Australia,New Zealand,A Gardner,A Sutherland,RA Mair,0,0,,,,,,,,,
1443566,2024/25,2024-12-21,"Basin Reserve, Wellington",1,31.2,Australia,New Zealand,A Gardner,A Sutherland,RA Mair,1,0,,,,,,,,,
1443566,2024/25,2024-12-21,"Basin Reserve, Wellington",1,31.3,Australia,New Zealand,A Sutherland,A Gardner,RA Mair,0,0,,,,,,,,,
1443566,2024/25,2024-12-21,"Basin Reserve, Wellington",1,31.4,Australia,New Zealand,A Sutherland,A Gardner,RA Mair,0,0,,,,,,,,,
1443566,2024/25,2024-12-21,"Basin Reserve, Wellington",1,31.5,Australia,New Zealand,A Sutherland,A Gardner,RA Mair,4,0,,,,,,,,,
1443566,2024/25,2024-12-21,"Basin Reserve, Wellington",1,31.6,Australia,New Zealand,A Sutherland,A Gardner,RA Mair,0,0,,,,,,,,,
1443566,2024/25,2024-12-21,"Basin Reserve, Wellington",1,32.1,Australia,New Zealand,A Gardner,A Sutherland,EJ Carson,0,0,,,,,,,,,
1443566,2024/25,2024-12-21,"Basin Reserve, Wellington",1,32.2,Australia,New Zealand,A Gardner,A Sutherland,EJ Carson,1,0,,,,,,,,,
1443566,2024/25,2024-12-21,"Basin Reserve, Wellington",1,32.3,Australia,New Zealand,A Sutherland,A Gardner,EJ Carson,1,0,,,,,,,,,
1443566,2024/25,2024-12-21,"Basin Reserve, Wellington",1,32.4,Australia,New Zealand,A Gardner,A Sutherland,EJ Carson,0,0,,,,,,bowled,A Gardner,,
1443566,2024/25,2024-12-21,"Basin Reserve, Wellington",1,32.5,Australia,New Zealand,TM McGrath,A Sutherland,EJ Carson,1,0,,,,,,,,,
1443566,2024/25,2024-12-21,"Basin Reserve, Wellington",1,32.6,Australia,New Zealand,A Sutherland,TM McGrath,EJ Carson,0,0,,,,,,,,,
1443566,2024/25,2024-12-21,"Basin Reserve, Wellington",1,33.1,Australia,New Zealand,TM McGrath,A Sutherland,SFM Devine,1,0,,,,,,,,,
1443566,2024/25,2024-12-21,"Basin Reserve, Wellington",1,33.2,Australia,New Zealand,A Sutherland,TM McGrath,SFM Devine,1,0,,,,,,,,,
1443566,2024/25,2024-12-21,"Basin Reserve, Wellington",1,33.3,Australia,New Zealand,TM McGrath,A Sutherland,SFM Devine,4,0,,,,,,,,,
1443566,2024/25,2024-12-21,"Basin Reserve, Wellington",1,33.4,Australia,New Zealand,TM McGrath,A Sutherland,SFM Devine,0,0,,,,,,,,,
1443566,2024/25,2024-12-21,"Basin Reserve, Wellington",1,33.5,Australia,New Zealand,TM McGrath,A Sutherland,SFM Devine,0,0,,,,,,,,,
1443566,2024/25,2024-12-21,"Basin Reserve, Wellington",1,33.6,Australia,New Zealand,TM McGrath,A Sutherland,SFM Devine,0,0,,,,,,,,,
1443566,2024/25,2024-12-21,"Basin Reserve, Wellington",1,34.1,Australia,New Zealand,A Sutherland,TM McGrath,BM Halliday,1,0,,,,,,,,,
1443566,2024/25,2024-12-21,"Basin Reserve, Wellington",1,34.2,Australia,New Zealand,TM McGrath,A Sutherland,BM Halliday,4,0,,,,,,,,,
1443566,2024/25,2024-12-21,"Basin Reserve, Wellington",1,34.3,Australia,New Zealand,TM McGrath,A Sutherland,BM Halliday,4,0,,,,,,,,,
1443566,2024/25,2024-12-21,"Basin Reserve, Wellington",1,34.4,Australia,New Zealand,TM McGrath,A Sutherland,BM Halliday,1,0,,,,,,,,,
1443566,2024/25,2024-12-21,"Basin Reserve, Wellington",1,34.5,Australia,New Zealand,A Sutherland,TM McGrath,BM Halliday,1,0,,,,,,,,,
1443566,2024/25,2024-12-21,"Basin Reserve, Wellington",1,34.6,Australia,New Zealand,TM McGrath,A Sutherland,BM Halliday,1,0,,,,,,,,,
1443566,2024/25,2024-12-21,"Basin Reserve, Wellington",1,35.1,Australia,New Zealand,TM McGrath,A Sutherland,EJ Carson,0,0,,,,,,,,,
1443566,2024/25,2024-12-21,"Basin Reserve, Wellington",1,35.2,Australia,New Zealand,TM McGrath,A Sutherland,EJ Carson,0,0,,,,,,,,,
1443566,2024/25,2024-12-21,"Basin Reserve, Wellington",1,35.3,Australia,New Zealand,TM McGrath,A Sutherland,EJ Carson,0,0,,,,,,,,,
1443566,2024/25,2024-12-21,"Basin Reserve, Wellington",1,35.4,Australia,New Zealand,TM McGrath,A Sutherland,EJ Carson,0,0,,,,,,,,,
1443566,2024/25,2024-12-21,"Basin Reserve, Wellington",1,35.5,Australia,New Zealand,TM McGrath,A Sutherland,EJ Carson,1,0,,,,,,,,,
1443566,2024/25,2024-12-21,"Basin Reserve, Wellington",1,35.6,Australia,New Zealand,A Sutherland,TM McGrath,EJ Carson,1,0,,,,,,,,,
1443566,2024/25,2024-12-21,"Basin Reserve, Wellington",1,36.1,Australia,New Zealand,A Sutherland,TM McGrath,SW Bates,2,0,,,,,,,,,
1443566,2024/25,2024-12-21,"Basin Reserve, Wellington",1,36.2,Australia,New Zealand,A Sutherland,TM McGrath,SW Bates,1,0,,,,,,,,,
1443566,2024/25,2024-12-21,"Basin Reserve, Wellington",1,36.3,Australia,New Zealand,TM McGrath,A Sutherland,SW Bates,1,0,,,,,,,,,
1443566,2024/25,2024-12-21,"Basin Reserve, Wellington",1,36.4,Australia,New Zealand,A Sutherland,TM McGrath,SW Bates,0,1,1,,,,,,,,
1443566,2024/25,2024-12-21,"Basin Reserve, Wellington",1,36.5,Australia,New Zealand,A Sutherland,TM McGrath,SW Bates,0,0,,,,,,,,,
1443566,2024/25,2024-12-21,"Basin Reserve, Wellington",1,36.6,Australia,New Zealand,A Sutherland,TM McGrath,SW Bates,4,0,,,,,,,,,
1443566,2024/25,2024-12-21,"Basin Reserve, Wellington",1,36.7,Australia,New Zealand,A Sutherland,TM McGrath,SW Bates,0,0,,,,,,,,,
1443566,2024/25,2024-12-21,"Basin Reserve, Wellington",1,37.1,Australia,New Zealand,TM McGrath,A Sutherland,EJ Carson,1,0,,,,,,,,,
1443566,2024/25,2024-12-21,"Basin Reserve, Wellington",1,37.2,Australia,New Zealand,A Sutherland,TM McGrath,EJ Carson,0,0,,,,,,,,,
1443566,2024/25,2024-12-21,"Basin Reserve, Wellington",1,37.3,Australia,New Zealand,A Sutherland,TM McGrath,EJ Carson,0,0,,,,,,,,,
1443566,2024/25,2024-12-21,"Basin Reserve, Wellington",1,37.4,Australia,New Zealand,A Sutherland,TM McGrath,EJ Carson,1,0,,,,,,,,,
1443566,2024/25,2024-12-21,"Basin Reserve, Wellington",1,37.5,Australia,New Zealand,TM McGrath,A Sutherland,EJ Carson,1,0,,,,,,,,,
1443566,2024/25,2024-12-21,"Basin Reserve, Wellington",1,37.6,Australia,New Zealand,A Sutherland,TM McGrath,EJ Carson,0,0,,,,,,,,,
1443566,2024/25,2024-12-21,"Basin Reserve, Wellington",1,38.1,Australia,New Zealand,TM McGrath,A Sutherland,MM Penfold,0,0,,,,,,,,,
1443566,2024/25,2024-12-21,"Basin Reserve, Wellington",1,38.2,Australia,New Zealand,TM McGrath,A Sutherland,MM Penfold,0,0,,,,,,,,,
1443566,2024/25,2024-12-21,"Basin Reserve, Wellington",1,38.3,Australia,New Zealand,TM McGrath,A Sutherland,MM Penfold,0,0,,,,,,,,,
1443566,2024/25,2024-12-21,"Basin Reserve, Wellington",1,38.4,Australia,New Zealand,TM McGrath,A Sutherland,MM Penfold,1,0,,,,,,,,,
1443566,2024/25,2024-12-21,"Basin Reserve, Wellington",1,38.5,Australia,New Zealand,A Sutherland,TM McGrath,MM Penfold,1,0,,,,,,,,,
1443566,2024/25,2024-12-21,"Basin Reserve, Wellington",1,38.6,Australia,New Zealand,TM McGrath,A Sutherland,MM Penfold,0,0,,,,,,,,,
1443566,2024/25,2024-12-21,"Basin Reserve, Wellington",1,39.1,Australia,New Zealand,A Sutherland,TM McGrath,EJ Carson,1,0,,,,,,,,,
1443566,2024/25,2024-12-21,"Basin Reserve, Wellington",1,39.2,Australia,New Zealand,TM McGrath,A Sutherland,EJ Carson,1,0,,,,,,,,,
1443566,2024/25,2024-12-21,"Basin Reserve, Wellington",1,39.3,Australia,New Zealand,A Sutherland,TM McGrath,EJ Carson,0,0,,,,,,,,,
1443566,2024/25,2024-12-21,"Basin Reserve, Wellington",1,39.4,Australia,New Zealand,A Sutherland,TM McGrath,EJ Carson,1,0,,,,,,,,,
1443566,2024/25,2024-12-21,"Basin Reserve, Wellington",1,39.5,Australia,New Zealand,TM McGrath,A Sutherland,EJ Carson,4,0,,,,,,,,,
1443566,2024/25,2024-12-21,"Basin Reserve, Wellington",1,39.6,Australia,New Zealand,TM McGrath,A Sutherland,EJ Carson,4,0,,,,,,,,,
1443566,2024/25,2024-12-21,"Basin Reserve, Wellington",1,40.1,Australia,New Zealand,A Sutherland,TM McGrath,MM Penfold,1,0,,,,,,,,,
1443566,2024/25,2024-12-21,"Basin Reserve, Wellington",1,40.2,Australia,New Zealand,TM McGrath,A Sutherland,MM Penfold,4,0,,,,,,,,,
1443566,2024/25,2024-12-21,"Basin Reserve, Wellington",1,40.3,Australia,New Zealand,TM McGrath,A Sutherland,MM Penfold,0,0,,,,,,,,,
1443566,2024/25,2024-12-21,"Basin Reserve, Wellington",1,40.4,Australia,New Zealand,TM McGrath,A Sutherland,MM Penfold,0,0,,,,,,,,,
1443566,2024/25,2024-12-21,"Basin Reserve, Wellington",1,40.5,Australia,New Zealand,TM McGrath,A Sutherland,MM Penfold,0,0,,,,,,bowled,TM McGrath,,
1443566,2024/25,2024-12-21,"Basin Reserve, Wellington",1,40.6,Australia,New Zealand,A King,A Sutherland,MM Penfold,0,1,1,,,,,,,,
1443566,2024/25,2024-12-21,"Basin Reserve, Wellington",1,40.7,Australia,New Zealand,A King,A Sutherland,MM Penfold,0,0,,,,,,,,,
1443566,2024/25,2024-12-21,"Basin Reserve, Wellington",1,41.1,Australia,New Zealand,A Sutherland,A King,RA Mair,1,0,,,,,,,,,
1443566,2024/25,2024-12-21,"Basin Reserve, Wellington",1,41.2,Australia,New Zealand,A King,A Sutherland,RA Mair,0,0,,,,,,,,,
1443566,2024/25,2024-12-21,"Basin Reserve, Wellington",1,41.3,Australia,New Zealand,A King,A Sutherland,RA Mair,1,0,,,,,,,,,
1443566,2024/25,2024-12-21,"Basin Reserve, Wellington",1,41.4,Australia,New Zealand,A Sutherland,A King,RA Mair,1,0,,,,,,,,,
1443566,2024/25,2024-12-21,"Basin Reserve, Wellington",1,41.5,Australia,New Zealand,A King,A Sutherland,RA Mair,1,0,,,,,,,,,
1443566,2024/25,2024-12-21,"Basin Reserve, Wellington",1,41.6,Australia,New Zealand,A Sutherland,A King,RA Mair,1,0,,,,,,,,,
1443566,2024/25,2024-12-21,"Basin Reserve, Wellington",1,42.1,Australia,New Zealand,A Sutherland,A King,AC Kerr,1,0,,,,,,,,,
1443566,2024/25,2024-12-21,"Basin Reserve, Wellington",1,42.2,Australia,New Zealand,A King,A Sutherland,AC Kerr,1,0,,,,,,,,,
1443566,2024/25,2024-12-21,"Basin Reserve, Wellington",1,42.3,Australia,New Zealand,A Sutherland,A King,AC Kerr,1,0,,,,,,,,,
1443566,2024/25,2024-12-21,"Basin Reserve, Wellington",1,42.4,Australia,New Zealand,A King,A Sutherland,AC Kerr,0,0,,,,,,,,,
1443566,2024/25,2024-12-21,"Basin Reserve, Wellington",1,42.5,Australia,New Zealand,A King,A Sutherland,AC Kerr,1,0,,,,,,,,,
1443566,2024/25,2024-12-21,"Basin Reserve, Wellington",1,42.6,Australia,New Zealand,A Sutherland,A King,AC Kerr,1,0,,,,,,,,,
1443566,2024/25,2024-12-21,"Basin Reserve, Wellington",1,43.1,Australia,New Zealand,A Sutherland,A King,SFM Devine,4,0,,,,,,,,,
1443566,2024/25,2024-12-21,"Basin Reserve, Wellington",1,43.2,Australia,New Zealand,A Sutherland,A King,SFM Devine,1,0,,,,,,,,,
1443566,2024/25,2024-12-21,"Basin Reserve, Wellington",1,43.3,Australia,New Zealand,A King,A Sutherland,SFM Devine,2,0,,,,,,,,,
1443566,2024/25,2024-12-21,"Basin Reserve, Wellington",1,43.4,Australia,New Zealand,A King,A Sutherland,SFM Devine,0,0,,,,,,,,,
1443566,2024/25,2024-12-21,"Basin Reserve, Wellington",1,43.5,Australia,New Zealand,A King,A Sutherland,SFM Devine,1,0,,,,,,,,,
1443566,2024/25,2024-12-21,"Basin Reserve, Wellington",1,43.6,Australia,New Zealand,A Sutherland,A King,SFM Devine,1,0,,,,,,,,,
1443566,2024/25,2024-12-21,"Basin Reserve, Wellington",1,44.1,Australia,New Zealand,A Sutherland,A King,AC Kerr,2,0,,,,,,,,,
1443566,2024/25,2024-12-21,"Basin Reserve, Wellington",1,44.2,Australia,New Zealand,A Sutherland,A King,AC Kerr,1,0,,,,,,,,,
1443566,2024/25,2024-12-21,"Basin Reserve, Wellington",1,44.3,Australia,New Zealand,A King,A Sutherland,AC Kerr,0,1,1,,,,,,,,
1443566,2024/25,2024-12-21,"Basin Reserve, Wellington",1,44.4,Australia,New Zealand,A King,A Sutherland,AC Kerr,0,0,,,,,,,,,
1443566,2024/25,2024-12-21,"Basin Reserve, Wellington",1,44.5,Australia,New Zealand,A King,A Sutherland,AC Kerr,0,0,,,,,,,,,
1443566,2024/25,2024-12-21,"Basin Reserve, Wellington",1,44.6,Australia,New Zealand,A King,A Sutherland,AC Kerr,0,0,,,,,,,,,
1443566,2024/25,2024-12-21,"Basin Reserve, Wellington",1,44.7,Australia,New Zealand,A King,A Sutherland,AC Kerr,1,0,,,,,,,,,
1443566,2024/25,2024-12-21,"Basin Reserve, Wellington",1,45.1,Australia,New Zealand,A King,A Sutherland,EJ Carson,0,0,,,,,,,,,
1443566,2024/25,2024-12-21,"Basin Reserve, Wellington",1,45.2,Australia,New Zealand,A King,A Sutherland,EJ Carson,0,0,,,,,,lbw,A King,,
1443566,2024/25,2024-12-21,"Basin Reserve, Wellington",1,45.3,Australia,New Zealand,KJ Garth,A Sutherland,EJ Carson,0,0,,,,,,,,,
1443566,2024/25,2024-12-21,"Basin Reserve, Wellington",1,45.4,Australia,New Zealand,KJ Garth,A Sutherland,EJ Carson,1,0,,,,,,,,,
1443566,2024/25,2024-12-21,"Basin Reserve, Wellington",1,45.5,Australia,New Zealand,A Sutherland,KJ Garth,EJ Carson,1,0,,,,,,,,,
1443566,2024/25,2024-12-21,"Basin Reserve, Wellington",1,45.6,Australia,New Zealand,KJ Garth,A Sutherland,EJ Carson,1,0,,,,,,,,,
1443566,2024/25,2024-12-21,"Basin Reserve, Wellington",1,46.1,Australia,New Zealand,KJ Garth,A Sutherland,MM Penfold,1,0,,,,,,,,,
1443566,2024/25,2024-12-21,"Basin Reserve, Wellington",1,46.2,Australia,New Zealand,A Sutherland,KJ Garth,MM Penfold,0,0,,,,,,,,,
1443566,2024/25,2024-12-21,"Basin Reserve, Wellington",1,46.3,Australia,New Zealand,A Sutherland,KJ Garth,MM Penfold,4,0,,,,,,,,,
1443566,2024/25,2024-12-21,"Basin Reserve, Wellington",1,46.4,Australia,New Zealand,A Sutherland,KJ Garth,MM Penfold,0,0,,,,,,,,,
1443566,2024/25,2024-12-21,"Basin Reserve, Wellington",1,46.5,Australia,New Zealand,A Sutherland,KJ Garth,MM Penfold,0,0,,,,,,,,,
1443566,2024/25,2024-12-21,"Basin Reserve, Wellington",1,46.6,Australia,New Zealand,A Sutherland,KJ Garth,MM Penfold,4,0,,,,,,,,,
1443566,2024/25,2024-12-21,"Basin Reserve, Wellington",1,47.1,Australia,New Zealand,KJ Garth,A Sutherland,EJ Carson,1,0,,,,,,,,,
1443566,2024/25,2024-12-21,"Basin Reserve, Wellington",1,47.2,Australia,New Zealand,A Sutherland,KJ Garth,EJ Carson,6,0,,,,,,,,,
1443566,2024/25,2024-12-21,"Basin Reserve, Wellington",1,47.3,Australia,New Zealand,A Sutherland,KJ Garth,EJ Carson,1,0,,,,,,,,,
1443566,2024/25,2024-12-21,"Basin Reserve, Wellington",1,47.4,Australia,New Zealand,KJ Garth,A Sutherland,EJ Carson,0,1,,,,1,,,,,
1443566,2024/25,2024-12-21,"Basin Reserve, Wellington",1,47.5,Australia,New Zealand,A Sutherland,KJ Garth,EJ Carson,6,0,,,,,,,,,
1443566,2024/25,2024-12-21,"Basin Reserve, Wellington",1,47.6,Australia,New Zealand,A Sutherland,KJ Garth,EJ Carson,4,0,,,,,,,,,
1443566,2024/25,2024-12-21,"Basin Reserve, Wellington",1,48.1,Australia,New Zealand,KJ Garth,A Sutherland,AC Kerr,1,0,,,,,,,,,
1443566,2024/25,2024-12-21,"Basin Reserve, Wellington",1,48.2,Australia,New Zealand,A Sutherland,KJ Garth,AC Kerr,1,0,,,,,,,,,
1443566,2024/25,2024-12-21,"Basin Reserve, Wellington",1,48.3,Australia,New Zealand,KJ Garth,A Sutherland,AC Kerr,1,0,,,,,,,,,
1443566,2024/25,2024-12-21,"Basin Reserve, Wellington",1,48.4,Australia,New Zealand,A Sutherland,KJ Garth,AC Kerr,4,0,,,,,,,,,
1443566,2024/25,2024-12-21,"Basin Reserve, Wellington",1,48.5,Australia,New Zealand,A Sutherland,KJ Garth,AC Kerr,4,0,,,,,,,,,
1443566,2024/25,2024-12-21,"Basin Reserve, Wellington",1,48.6,Australia,New Zealand,A Sutherland,KJ Garth,AC Kerr,1,0,,,,,,,,,
1443566,2024/25,2024-12-21,"Basin Reserve, Wellington",1,49.1,Australia,New Zealand,A Sutherland,KJ Garth,RA Mair,2,0,,,,,,,,,
1443566,2024/25,2024-12-21,"Basin Reserve, Wellington",1,49.2,Australia,New Zealand,A Sutherland,KJ Garth,RA Mair,1,0,,,,,,,,,
1443566,2024/25,2024-12-21,"Basin Reserve, Wellington",1,49.3,Australia,New Zealand,KJ Garth,A Sutherland,RA Mair,4,0,,,,,,,,,
1443566,2024/25,2024-12-21,"Basin Reserve, Wellington",1,49.4,Australia,New Zealand,KJ Garth,A Sutherland,RA Mair,1,0,,,,,,,,,
1443566,2024/25,2024-12-21,"Basin Reserve, Wellington",1,49.5,Australia,New Zealand,A Sutherland,KJ Garth,RA Mair,2,0,,,,,,,,,
1443566,2024/25,2024-12-21,"Basin Reserve, Wellington",1,49.6,Australia,New Zealand,A Sutherland,KJ Garth,RA Mair,2,0,,,,,,,,,
1443566,2024/25,2024-12-21,"Basin Reserve, Wellington",2,0.1,New Zealand,Australia,SW Bates,IR James,ML Schutt,0,0,,,,,,,,,
1443566,2024/25,2024-12-21,"Basin Reserve, Wellington",2,0.2,New Zealand,Australia,SW Bates,IR James,ML Schutt,0,1,1,,,,,,,,
1443566,2024/25,2024-12-21,"Basin Reserve, Wellington",2,0.3,New Zealand,Australia,SW Bates,IR James,ML Schutt,0,0,,,,,,,,,
1443566,2024/25,2024-12-21,"Basin Reserve, Wellington",2,0.4,New Zealand,Australia,SW Bates,IR James,ML Schutt,0,0,,,,,,,,,
1443566,2024/25,2024-12-21,"Basin Reserve, Wellington",2,0.5,New Zealand,Australia,SW Bates,IR James,ML Schutt,0,0,,,,,,,,,
1443566,2024/25,2024-12-21,"Basin Reserve, Wellington",2,0.6,New Zealand,Australia,SW Bates,IR James,ML Schutt,0,0,,,,,,,,,
1443566,2024/25,2024-12-21,"Basin Reserve, Wellington",2,0.7,New Zealand,Australia,SW Bates,IR James,ML Schutt,0,0,,,,,,,,,
1443566,2024/25,2024-12-21,"Basin Reserve, Wellington",2,1.1,New Zealand,Australia,IR James,SW Bates,KJ Garth,0,0,,,,,,,,,
1443566,2024/25,2024-12-21,"Basin Reserve, Wellington",2,1.2,New Zealand,Australia,IR James,SW Bates,KJ Garth,1,0,,,,,,,,,
1443566,2024/25,2024-12-21,"Basin Reserve, Wellington",2,1.3,New Zealand,Australia,SW Bates,IR James,KJ Garth,0,0,,,,,,,,,
1443566,2024/25,2024-12-21,"Basin Reserve, Wellington",2,1.4,New Zealand,Australia,SW Bates,IR James,KJ Garth,0,0,,,,,,,,,
1443566,2024/25,2024-12-21,"Basin Reserve, Wellington",2,1.5,New Zealand,Australia,SW Bates,IR James,KJ Garth,0,0,,,,,,,,,
1443566,2024/25,2024-12-21,"Basin Reserve, Wellington",2,1.6,New Zealand,Australia,SW Bates,IR James,KJ Garth,0,0,,,,,,,,,
1443566,2024/25,2024-12-21,"Basin Reserve, Wellington",2,2.1,New Zealand,Australia,IR James,SW Bates,ML Schutt,0,0,,,,,,,,,
1443566,2024/25,2024-12-21,"Basin Reserve, Wellington",2,2.2,New Zealand,Australia,IR James,SW Bates,ML Schutt,0,0,,,,,,,,,
1443566,2024/25,2024-12-21,"Basin Reserve, Wellington",2,2.3,New Zealand,Australia,IR James,SW Bates,ML Schutt,0,0,,,,,,,,,
1443566,2024/25,2024-12-21,"Basin Reserve, Wellington",2,2.4,New Zealand,Australia,IR James,SW Bates,ML Schutt,2,0,,,,,,,,,
1443566,2024/25,2024-12-21,"Basin Reserve, Wellington",2,2.5,New Zealand,Australia,IR James,SW Bates,ML Schutt,1,0,,,,,,,,,
1443566,2024/25,2024-12-21,"Basin Reserve, Wellington",2,2.6,New Zealand,Australia,SW Bates,IR James,ML Schutt,0,0,,,,,,,,,
1443566,2024/25,2024-12-21,"Basin Reserve, Wellington",2,3.1,New Zealand,Australia,IR James,SW Bates,KJ Garth,0,0,,,,,,,,,
1443566,2024/25,2024-12-21,"Basin Reserve, Wellington",2,3.2,New Zealand,Australia,IR James,SW Bates,KJ Garth,0,0,,,,,,,,,
1443566,2024/25,2024-12-21,"Basin Reserve, Wellington",2,3.3,New Zealand,Australia,IR James,SW Bates,KJ Garth,0,0,,,,,,,,,
1443566,2024/25,2024-12-21,"Basin Reserve, Wellington",2,3.4,New Zealand,Australia,IR James,SW Bates,KJ Garth,2,0,,,,,,,,,
1443566,2024/25,2024-12-21,"Basin Reserve, Wellington",2,3.5,New Zealand,Australia,IR James,SW Bates,KJ Garth,1,0,,,,,,,,,
1443566,2024/25,2024-12-21,"Basin Reserve, Wellington",2,3.6,New Zealand,Australia,SW Bates,IR James,KJ Garth,0,0,,,,,,,,,
1443566,2024/25,2024-12-21,"Basin Reserve, Wellington",2,4.1,New Zealand,Australia,IR James,SW Bates,ML Schutt,0,0,,,,,,,,,
1443566,2024/25,2024-12-21,"Basin Reserve, Wellington",2,4.2,New Zealand,Australia,IR James,SW Bates,ML Schutt,6,0,,,,,,,,,
1443566,2024/25,2024-12-21,"Basin Reserve, Wellington",2,4.3,New Zealand,Australia,IR James,SW Bates,ML Schutt,0,0,,,,,,,,,
1443566,2024/25,2024-12-21,"Basin Reserve, Wellington",2,4.4,New Zealand,Australia,IR James,SW Bates,ML Schutt,2,0,,,,,,,,,
1443566,2024/25,2024-12-21,"Basin Reserve, Wellington",2,4.5,New Zealand,Australia,IR James,SW Bates,ML Schutt,0,0,,,,,,,,,
1443566,2024/25,2024-12-21,"Basin Reserve, Wellington",2,4.6,New Zealand,Australia,IR James,SW Bates,ML Schutt,2,0,,,,,,,,,
1443566,2024/25,2024-12-21,"Basin Reserve, Wellington",2,5.1,New Zealand,Australia,SW Bates,IR James,KJ Garth,0,0,,,,,,,,,
1443566,2024/25,2024-12-21,"Basin Reserve, Wellington",2,5.2,New Zealand,Australia,SW Bates,IR James,KJ Garth,0,0,,,,,,,,,
1443566,2024/25,2024-12-21,"Basin Reserve, Wellington",2,5.3,New Zealand,Australia,SW Bates,IR James,KJ Garth,0,0,,,,,,,,,
1443566,2024/25,2024-12-21,"Basin Reserve, Wellington",2,5.4,New Zealand,Australia,SW Bates,IR James,KJ Garth,4,0,,,,,,,,,
1443566,2024/25,2024-12-21,"Basin Reserve, Wellington",2,5.5,New Zealand,Australia,SW Bates,IR James,KJ Garth,0,0,,,,,,caught,SW Bates,,
1443566,2024/25,2024-12-21,"Basin Reserve, Wellington",2,5.6,New Zealand,Australia,AC Kerr,IR James,KJ Garth,0,0,,,,,,,,,
1443566,2024/25,2024-12-21,"Basin Reserve, Wellington",2,6.1,New Zealand,Australia,IR James,AC Kerr,ML Schutt,0,0,,,,,,,,,
1443566,2024/25,2024-12-21,"Basin Reserve, Wellington",2,6.2,New Zealand,Australia,IR James,AC Kerr,ML Schutt,0,0,,,,,,,,,
1443566,2024/25,2024-12-21,"Basin Reserve, Wellington",2,6.3,New Zealand,Australia,IR James,AC Kerr,ML Schutt,0,0,,,,,,,,,
1443566,2024/25,2024-12-21,"Basin Reserve, Wellington",2,6.4,New Zealand,Australia,IR James,AC Kerr,ML Schutt,4,0,,,,,,,,,
1443566,2024/25,2024-12-21,"Basin Reserve, Wellington",2,6.5,New Zealand,Australia,IR James,AC Kerr,ML Schutt,0,0,,,,,,,,,
1443566,2024/25,2024-12-21,"Basin Reserve, Wellington",2,6.6,New Zealand,Australia,IR James,AC Kerr,ML Schutt,2,0,,,,,,,,,
1443566,2024/25,2024-12-21,"Basin Reserve, Wellington",2,7.1,New Zealand,Australia,AC Kerr,IR James,KJ Garth,0,0,,,,,,,,,
1443566,2024/25,2024-12-21,"Basin Reserve, Wellington",2,7.2,New Zealand,Australia,AC Kerr,IR James,KJ Garth,0,0,,,,,,,,,
1443566,2024/25,2024-12-21,"Basin Reserve, Wellington",2,7.3,New Zealand,Australia,AC Kerr,IR James,KJ Garth,4,0,,,,,,,,,
1443566,2024/25,2024-12-21,"Basin Reserve, Wellington",2,7.4,New Zealand,Australia,AC Kerr,IR James,KJ Garth,0,0,,,,,,,,,
1443566,2024/25,2024-12-21,"Basin Reserve, Wellington",2,7.5,New Zealand,Australia,AC Kerr,IR James,KJ Garth,0,0,,,,,,,,,
1443566,2024/25,2024-12-21,"Basin Reserve, Wellington",2,7.6,New Zealand,Australia,AC Kerr,IR James,KJ Garth,0,0,,,,,,,,,
1443566,2024/25,2024-12-21,"Basin Reserve, Wellington",2,8.1,New Zealand,Australia,IR James,AC Kerr,A Sutherland,0,0,,,,,,,,,
1443566,2024/25,2024-12-21,"Basin Reserve, Wellington",2,8.2,New Zealand,Australia,IR James,AC Kerr,A Sutherland,0,0,,,,,,,,,
1443566,2024/25,2024-12-21,"Basin Reserve, Wellington",2,8.3,New Zealand,Australia,IR James,AC Kerr,A Sutherland,0,0,,,,,,,,,
1443566,2024/25,2024-12-21,"Basin Reserve, Wellington",2,8.4,New Zealand,Australia,IR James,AC Kerr,A Sutherland,0,0,,,,,,,,,
1443566,2024/25,2024-12-21,"Basin Reserve, Wellington",2,8.5,New Zealand,Australia,IR James,AC Kerr,A Sutherland,0,0,,,,,,,,,
1443566,2024/25,2024-12-21,"Basin Reserve, Wellington",2,8.6,New Zealand,Australia,IR James,AC Kerr,A Sutherland,0,0,,,,,,,,,
1443566,2024/25,2024-12-21,"Basin Reserve, Wellington",2,9.1,New Zealand,Australia,AC Kerr,IR James,KJ Garth,0,0,,,,,,,,,
1443566,2024/25,2024-12-21,"Basin Reserve, Wellington",2,9.2,New Zealand,Australia,AC Kerr,IR James,KJ Garth,0,0,,,,,,,,,
1443566,2024/25,2024-12-21,"Basin Reserve, Wellington",2,9.3,New Zealand,Australia,AC Kerr,IR James,KJ Garth,1,0,,,,,,,,,
1443566,2024/25,2024-12-21,"Basin Reserve, Wellington",2,9.4,New Zealand,Australia,IR James,AC Kerr,KJ Garth,0,0,,,,,,,,,
1443566,2024/25,2024-12-21,"Basin Reserve, Wellington",2,9.5,New Zealand,Australia,IR James,AC Kerr,KJ Garth,4,0,,,,,,,,,
1443566,2024/25,2024-12-21,"Basin Reserve, Wellington",2,9.6,New Zealand,Australia,IR James,AC Kerr,KJ Garth,0,0,,,,,,caught,IR James,,
1443566,2024/25,2024-12-21,"Basin Reserve, Wellington",2,10.1,New Zealand,Australia,AC Kerr,SFM Devine,A Sutherland,0,0,,,,,,,,,
1443566,2024/25,2024-12-21,"Basin Reserve, Wellington",2,10.2,New Zealand,Australia,AC Kerr,SFM Devine,A Sutherland,0,0,,,,,,,,,
1443566,2024/25,2024-12-21,"Basin Reserve, Wellington",2,10.3,New Zealand,Australia,AC Kerr,SFM Devine,A Sutherland,0,0,,,,,,,,,
1443566,2024/25,2024-12-21,"Basin Reserve, Wellington",2,10.4,New Zealand,Australia,AC Kerr,SFM Devine,A Sutherland,4,0,,,,,,,,,
1443566,2024/25,2024-12-21,"Basin Reserve, Wellington",2,10.5,New Zealand,Australia,AC Kerr,SFM Devine,A Sutherland,0,0,,,,,,,,,
1443566,2024/25,2024-12-21,"Basin Reserve, Wellington",2,10.6,New Zealand,Australia,AC Kerr,SFM Devine,A Sutherland,0,0,,,,,,,,,
1443566,2024/25,2024-12-21,"Basin Reserve, Wellington",2,11.1,New Zealand,Australia,SFM Devine,AC Kerr,KJ Garth,0,0,,,,,,,,,
1443566,2024/25,2024-12-21,"Basin Reserve, Wellington",2,11.2,New Zealand,Australia,SFM Devine,AC Kerr,KJ Garth,0,0,,,,,,,,,
1443566,2024/25,2024-12-21,"Basin Reserve, Wellington",2,11.3,New Zealand,Australia,SFM Devine,AC Kerr,KJ Garth,0,0,,,,,,,,,
1443566,2024/25,2024-12-21,"Basin Reserve, Wellington",2,11.4,New Zealand,Australia,SFM Devine,AC Kerr,KJ Garth,0,0,,,,,,,,,
1443566,2024/25,2024-12-21,"Basin Reserve, Wellington",2,11.5,New Zealand,Australia,SFM Devine,AC Kerr,KJ Garth,0,0,,,,,,,,,
1443566,2024/25,2024-12-21,"Basin Reserve, Wellington",2,11.6,New Zealand,Australia,SFM Devine,AC Kerr,KJ Garth,0,0,,,,,,,,,
1443566,2024/25,2024-12-21,"Basin Reserve, Wellington",2,12.1,New Zealand,Australia,AC Kerr,SFM Devine,A Sutherland,0,1,1,,,,,,,,
1443566,2024/25,2024-12-21,"Basin Reserve, Wellington",2,12.2,New Zealand,Australia,AC Kerr,SFM Devine,A Sutherland,0,0,,,,,,,,,
1443566,2024/25,2024-12-21,"Basin Reserve, Wellington",2,12.3,New Zealand,Australia,AC Kerr,SFM Devine,A Sutherland,1,0,,,,,,,,,
1443566,2024/25,2024-12-21,"Basin Reserve, Wellington",2,12.4,New Zealand,Australia,SFM Devine,AC Kerr,A Sutherland,4,0,,,,,,,,,
1443566,2024/25,2024-12-21,"Basin Reserve, Wellington",2,12.5,New Zealand,Australia,SFM Devine,AC Kerr,A Sutherland,0,0,,,,,,,,,
1443566,2024/25,2024-12-21,"Basin Reserve, Wellington",2,12.6,New Zealand,Australia,SFM Devine,AC Kerr,A Sutherland,1,0,,,,,,,,,
1443566,2024/25,2024-12-21,"Basin Reserve, Wellington",2,12.7,New Zealand,Australia,AC Kerr,SFM Devine,A Sutherland,0,0,,,,,,,,,
1443566,2024/25,2024-12-21,"Basin Reserve, Wellington",2,13.1,New Zealand,Australia,SFM Devine,AC Kerr,EA Perry,0,0,,,,,,,,,
1443566,2024/25,2024-12-21,"Basin Reserve, Wellington",2,13.2,New Zealand,Australia,SFM Devine,AC Kerr,EA Perry,0,0,,,,,,,,,
1443566,2024/25,2024-12-21,"Basin Reserve, Wellington",2,13.3,New Zealand,Australia,SFM Devine,AC Kerr,EA Perry,4,0,,,,,,,,,
1443566,2024/25,2024-12-21,"Basin Reserve, Wellington",2,13.4,New Zealand,Australia,SFM Devine,AC Kerr,EA Perry,0,0,,,,,,,,,
1443566,2024/25,2024-12-21,"Basin Reserve, Wellington",2,13.5,New Zealand,Australia,SFM Devine,AC Kerr,EA Perry,0,0,,,,,,,,,
1443566,2024/25,2024-12-21,"Basin Reserve, Wellington",2,13.6,New Zealand,Australia,SFM Devine,AC Kerr,EA Perry,4,0,,,,,,,,,
1443566,2024/25,2024-12-21,"Basin Reserve, Wellington",2,14.1,New Zealand,Australia,AC Kerr,SFM Devine,A Sutherland,0,0,,,,,,,,,
1443566,2024/25,2024-12-21,"Basin Reserve, Wellington",2,14.2,New Zealand,Australia,AC Kerr,SFM Devine,A Sutherland,0,0,,,,,,,,,
1443566,2024/25,2024-12-21,"Basin Reserve, Wellington",2,14.3,New Zealand,Australia,AC Kerr,SFM Devine,A Sutherland,1,0,,,,,,,,,
1443566,2024/25,2024-12-21,"Basin Reserve, Wellington",2,14.4,New Zealand,Australia,SFM Devine,AC Kerr,A Sutherland,0,0,,,,,,,,,
1443566,2024/25,2024-12-21,"Basin Reserve, Wellington",2,14.5,New Zealand,Australia,SFM Devine,AC Kerr,A Sutherland,1,0,,,,,,,,,
1443566,2024/25,2024-12-21,"Basin Reserve, Wellington",2,14.6,New Zealand,Australia,AC Kerr,SFM Devine,A Sutherland,0,0,,,,,,,,,
1443566,2024/25,2024-12-21,"Basin Reserve, Wellington",2,15.1,New Zealand,Australia,SFM Devine,AC Kerr,EA Perry,0,0,,,,,,,,,
1443566,2024/25,2024-12-21,"Basin Reserve, Wellington",2,15.2,New Zealand,Australia,SFM Devine,AC Kerr,EA Perry,1,0,,,,,,,,,
1443566,2024/25,2024-12-21,"Basin Reserve, Wellington",2,15.3,New Zealand,Australia,AC Kerr,SFM Devine,EA Perry,1,0,,,,,,,,,
1443566,2024/25,2024-12-21,"Basin Reserve, Wellington",2,15.4,New Zealand,Australia,SFM Devine,AC Kerr,EA Perry,0,0,,,,,,caught,SFM Devine,,
1443566,2024/25,2024-12-21,"Basin Reserve, Wellington",2,15.5,New Zealand,Australia,BM Halliday,AC Kerr,EA Perry,0,0,,,,,,,,,
1443566,2024/25,2024-12-21,"Basin Reserve, Wellington",2,15.6,New Zealand,Australia,BM Halliday,AC Kerr,EA Perry,0,0,,,,,,,,,
1443566,2024/25,2024-12-21,"Basin Reserve, Wellington",2,16.1,New Zealand,Australia,AC Kerr,BM Halliday,D Brown,0,1,1,,,,,,,,
1443566,2024/25,2024-12-21,"Basin Reserve, Wellington",2,16.2,New Zealand,Australia,AC Kerr,BM Halliday,D Brown,0,0,,,,,,,,,
1443566,2024/25,2024-12-21,"Basin Reserve, Wellington",2,16.3,New Zealand,Australia,AC Kerr,BM Halliday,D Brown,0,0,,,,,,,,,
1443566,2024/25,2024-12-21,"Basin Reserve, Wellington",2,16.4,New Zealand,Australia,AC Kerr,BM Halliday,D Brown,2,0,,,,,,,,,
1443566,2024/25,2024-12-21,"Basin Reserve, Wellington",2,16.5,New Zealand,Australia,AC Kerr,BM Halliday,D Brown,1,0,,,,,,,,,
1443566,2024/25,2024-12-21,"Basin Reserve, Wellington",2,16.6,New Zealand,Australia,BM Halliday,AC Kerr,D Brown,1,0,,,,,,,,,
1443566,2024/25,2024-12-21,"Basin Reserve, Wellington",2,16.7,New Zealand,Australia,AC Kerr,BM Halliday,D Brown,0,0,,,,,,,,,
1443566,2024/25,2024-12-21,"Basin Reserve, Wellington",2,17.1,New Zealand,Australia,BM Halliday,AC Kerr,EA Perry,0,0,,,,,,,,,
1443566,2024/25,2024-12-21,"Basin Reserve, Wellington",2,17.2,New Zealand,Australia,BM Halliday,AC Kerr,EA Perry,1,0,,,,,,,,,
1443566,2024/25,2024-12-21,"Basin Reserve, Wellington",2,17.3,New Zealand,Australia,AC Kerr,BM Halliday,EA Perry,3,0,,,,,,,,,
1443566,2024/25,2024-12-21,"Basin Reserve, Wellington",2,17.4,New Zealand,Australia,BM Halliday,AC Kerr,EA Perry,0,0,,,,,,,,,
1443566,2024/25,2024-12-21,"Basin Reserve, Wellington",2,17.5,New Zealand,Australia,BM Halliday,AC Kerr,EA Perry,0,0,,,,,,,,,
1443566,2024/25,2024-12-21,"Basin Reserve, Wellington",2,17.6,New Zealand,Australia,BM Halliday,AC Kerr,EA Perry,1,0,,,,,,,,,
1443566,2024/25,2024-12-21,"Basin Reserve, Wellington",2,18.1,New Zealand,Australia,BM Halliday,AC Kerr,D Brown,0,1,1,,,,,,,,
1443566,2024/25,2024-12-21,"Basin Reserve, Wellington",2,18.2,New Zealand,Australia,BM Halliday,AC Kerr,D Brown,1,0,,,,,,,,,
1443566,2024/25,2024-12-21,"Basin Reserve, Wellington",2,18.3,New Zealand,Australia,AC Kerr,BM Halliday,D Brown,0,0,,,,,,,,,
1443566,2024/25,2024-12-21,"Basin Reserve, Wellington",2,18.4,New Zealand,Australia,AC Kerr,BM Halliday,D Brown,1,0,,,,,,,,,
1443566,2024/25,2024-12-21,"Basin Reserve, Wellington",2,18.5,New Zealand,Australia,BM Halliday,AC Kerr,D Brown,2,0,,,,,,,,,
1443566,2024/25,2024-12-21,"Basin Reserve, Wellington",2,18.6,New Zealand,Australia,BM Halliday,AC Kerr,D Brown,1,0,,,,,,,,,
1443566,2024/25,2024-12-21,"Basin Reserve, Wellington",2,18.7,New Zealand,Australia,AC Kerr,BM Halliday,D Brown,0,0,,,,,,,,,
1443566,2024/25,2024-12-21,"Basin Reserve, Wellington",2,19.1,New Zealand,Australia,BM Halliday,AC Kerr,A Gardner,0,0,,,,,,,,,
1443566,2024/25,2024-12-21,"Basin Reserve, Wellington",2,19.2,New Zealand,Australia,BM Halliday,AC Kerr,A Gardner,0,0,,,,,,,,,
1443566,2024/25,2024-12-21,"Basin Reserve, Wellington",2,19.3,New Zealand,Australia,BM Halliday,AC Kerr,A Gardner,0,0,,,,,,caught,BM Halliday,,
1443566,2024/25,2024-12-21,"Basin Reserve, Wellington",2,19.4,New Zealand,Australia,ML Green,AC Kerr,A Gardner,0,0,,,,,,,,,
1443566,2024/25,2024-12-21,"Basin Reserve, Wellington",2,19.5,New Zealand,Australia,ML Green,AC Kerr,A Gardner,0,1,,,,1,,,,,
1443566,2024/25,2024-12-21,"Basin Reserve, Wellington",2,19.6,New Zealand,Australia,AC Kerr,ML Green,A Gardner,4,0,,,,,,,,,
1443566,2024/25,2024-12-21,"Basin Reserve, Wellington",2,20.1,New Zealand,Australia,ML Green,AC Kerr,D Brown,0,0,,,,,,,,,
1443566,2024/25,2024-12-21,"Basin Reserve, Wellington",2,20.2,New Zealand,Australia,ML Green,AC Kerr,D Brown,0,0,,,,,,,,,
1443566,2024/25,2024-12-21,"Basin Reserve, Wellington",2,20.3,New Zealand,Australia,ML Green,AC Kerr,D Brown,0,0,,,,,,,,,
1443566,2024/25,2024-12-21,"Basin Reserve, Wellington",2,20.4,New Zealand,Australia,ML Green,AC Kerr,D Brown,0,0,,,,,,,,,
1443566,2024/25,2024-12-21,"Basin Reserve, Wellington",2,20.5,New Zealand,Australia,ML Green,AC Kerr,D Brown,0,0,,,,,,,,,
1443566,2024/25,2024-12-21,"Basin Reserve, Wellington",2,20.6,New Zealand,Australia,ML Green,AC Kerr,D Brown,1,0,,,,,,,,,
1443566,2024/25,2024-12-21,"Basin Reserve, Wellington",2,21.1,New Zealand,Australia,ML Green,AC Kerr,A Gardner,0,0,,,,,,,,,
1443566,2024/25,2024-12-21,"Basin Reserve, Wellington",2,21.2,New Zealand,Australia,ML Green,AC Kerr,A Gardner,0,0,,,,,,,,,
1443566,2024/25,2024-12-21,"Basin Reserve, Wellington",2,21.3,New Zealand,Australia,ML Green,AC Kerr,A Gardner,0,0,,,,,,,,,
1443566,2024/25,2024-12-21,"Basin Reserve, Wellington",2,21.4,New Zealand,Australia,ML Green,AC Kerr,A Gardner,0,0,,,,,,,,,
1443566,2024/25,2024-12-21,"Basin Reserve, Wellington",2,21.5,New Zealand,Australia,ML Green,AC Kerr,A Gardner,1,0,,,,,,,,,
1443566,2024/25,2024-12-21,"Basin Reserve, Wellington",2,21.6,New Zealand,Australia,AC Kerr,ML Green,A Gardner,1,0,,,,,,,,,
1443566,2024/25,2024-12-21,"Basin Reserve, Wellington",2,22.1,New Zealand,Australia,AC Kerr,ML Green,D Brown,0,0,,,,,,,,,
1443566,2024/25,2024-12-21,"Basin Reserve, Wellington",2,22.2,New Zealand,Australia,AC Kerr,ML Green,D Brown,1,0,,,,,,,,,
1443566,2024/25,2024-12-21,"Basin Reserve, Wellington",2,22.3,New Zealand,Australia,ML Green,AC Kerr,D Brown,0,0,,,,,,,,,
1443566,2024/25,2024-12-21,"Basin Reserve, Wellington",2,22.4,New Zealand,Australia,ML Green,AC Kerr,D Brown,2,0,,,,,,,,,
1443566,2024/25,2024-12-21,"Basin Reserve, Wellington",2,22.5,New Zealand,Australia,ML Green,AC Kerr,D Brown,0,0,,,,,,,,,
1443566,2024/25,2024-12-21,"Basin Reserve, Wellington",2,22.6,New Zealand,Australia,ML Green,AC Kerr,D Brown,0,0,,,,,,,,,
1443566,2024/25,2024-12-21,"Basin Reserve, Wellington",2,23.1,New Zealand,Australia,AC Kerr,ML Green,A Gardner,1,0,,,,,,,,,
1443566,2024/25,2024-12-21,"Basin Reserve, Wellington",2,23.2,New Zealand,Australia,ML Green,AC Kerr,A Gardner,1,0,,,,,,,,,
1443566,2024/25,2024-12-21,"Basin Reserve, Wellington",2,23.3,New Zealand,Australia,AC Kerr,ML Green,A Gardner,2,0,,,,,,,,,
1443566,2024/25,2024-12-21,"Basin Reserve, Wellington",2,23.4,New Zealand,Australia,AC Kerr,ML Green,A Gardner,0,0,,,,,,,,,
1443566,2024/25,2024-12-21,"Basin Reserve, Wellington",2,23.5,New Zealand,Australia,AC Kerr,ML Green,A Gardner,1,0,,,,,,,,,
1443566,2024/25,2024-12-21,"Basin Reserve, Wellington",2,23.6,New Zealand,Australia,ML Green,AC Kerr,A Gardner,0,0,,,,,,,,,
1443566,2024/25,2024-12-21,"Basin Reserve, Wellington",2,24.1,New Zealand,Australia,AC Kerr,ML Green,A Sutherland,1,0,,,,,,,,,
1443566,2024/25,2024-12-21,"Basin Reserve, Wellington",2,24.2,New Zealand,Australia,ML Green,AC Kerr,A Sutherland,0,0,,,,,,,,,
1443566,2024/25,2024-12-21,"Basin Reserve, Wellington",2,24.3,New Zealand,Australia,ML Green,AC Kerr,A Sutherland,4,0,,,,,,,,,
1443566,2024/25,2024-12-21,"Basin Reserve, Wellington",2,24.4,New Zealand,Australia,ML Green,AC Kerr,A Sutherland,0,0,,,,,,,,,
1443566,2024/25,2024-12-21,"Basin Reserve, Wellington",2,24.5,New Zealand,Australia,ML Green,AC Kerr,A Sutherland,0,0,,,,,,,,,
1443566,2024/25,2024-12-21,"Basin Reserve, Wellington",2,24.6,New Zealand,Australia,ML Green,AC Kerr,A Sutherland,0,0,,,,,,,,,
1443566,2024/25,2024-12-21,"Basin Reserve, Wellington",2,25.1,New Zealand,Australia,AC Kerr,ML Green,A Gardner,0,0,,,,,,,,,
1443566,2024/25,2024-12-21,"Basin Reserve, Wellington",2,25.2,New Zealand,Australia,AC Kerr,ML Green,A Gardner,1,0,,,,,,,,,
1443566,2024/25,2024-12-21,"Basin Reserve, Wellington",2,25.3,New Zealand,Australia,ML Green,AC Kerr,A Gardner,0,0,,,,,,,,,
1443566,2024/25,2024-12-21,"Basin Reserve, Wellington",2,25.4,New Zealand,Australia,ML Green,AC Kerr,A Gardner,1,0,,,,,,,,,
1443566,2024/25,2024-12-21,"Basin Reserve, Wellington",2,25.5,New Zealand,Australia,AC Kerr,ML Green,A Gardner,1,0,,,,,,,,,
1443566,2024/25,2024-12-21,"Basin Reserve, Wellington",2,25.6,New Zealand,Australia,ML Green,AC Kerr,A Gardner,1,0,,,,,,,,,
1443566,2024/25,2024-12-21,"Basin Reserve, Wellington",2,26.1,New Zealand,Australia,ML Green,AC Kerr,A Sutherland,1,0,,,,,,,,,
1443566,2024/25,2024-12-21,"Basin Reserve, Wellington",2,26.2,New Zealand,Australia,AC Kerr,ML Green,A Sutherland,1,0,,,,,,,,,
1443566,2024/25,2024-12-21,"Basin Reserve, Wellington",2,26.3,New Zealand,Australia,ML Green,AC Kerr,A Sutherland,0,0,,,,,,,,,
1443566,2024/25,2024-12-21,"Basin Reserve, Wellington",2,26.4,New Zealand,Australia,ML Green,AC Kerr,A Sutherland,0,0,,,,,,,,,
1443566,2024/25,2024-12-21,"Basin Reserve, Wellington",2,26.5,New Zealand,Australia,ML Green,AC Kerr,A Sutherland,1,0,,,,,,,,,
1443566,2024/25,2024-12-21,"Basin Reserve, Wellington",2,26.6,New Zealand,Australia,AC Kerr,ML Green,A Sutherland,0,0,,,,,,,,,
1443566,2024/25,2024-12-21,"Basin Reserve, Wellington",2,27.1,New Zealand,Australia,ML Green,AC Kerr,ML Schutt,1,0,,,,,,,,,
1443566,2024/25,2024-12-21,"Basin Reserve, Wellington",2,27.2,New Zealand,Australia,AC Kerr,ML Green,ML Schutt,0,0,,,,,,,,,
1443566,2024/25,2024-12-21,"Basin Reserve, Wellington",2,27.3,New Zealand,Australia,AC Kerr,ML Green,ML Schutt,1,0,,,,,,,,,
1443566,2024/25,2024-12-21,"Basin Reserve, Wellington",2,27.4,New Zealand,Australia,ML Green,AC Kerr,ML Schutt,1,0,,,,,,,,,
1443566,2024/25,2024-12-21,"Basin Reserve, Wellington",2,27.5,New Zealand,Australia,AC Kerr,ML Green,ML Schutt,0,0,,,,,,,,,
1443566,2024/25,2024-12-21,"Basin Reserve, Wellington",2,27.6,New Zealand,Australia,AC Kerr,ML Green,ML Schutt,1,0,,,,,,,,,
1443566,2024/25,2024-12-21,"Basin Reserve, Wellington",2,28.1,New Zealand,Australia,AC Kerr,ML Green,A King,0,0,,,,,,,,,
1443566,2024/25,2024-12-21,"Basin Reserve, Wellington",2,28.2,New Zealand,Australia,AC Kerr,ML Green,A King,0,0,,,,,,,,,
1443566,2024/25,2024-12-21,"Basin Reserve, Wellington",2,28.3,New Zealand,Australia,AC Kerr,ML Green,A King,2,0,,,,,,,,,
1443566,2024/25,2024-12-21,"Basin Reserve, Wellington",2,28.4,New Zealand,Australia,AC Kerr,ML Green,A King,1,0,,,,,,,,,
1443566,2024/25,2024-12-21,"Basin Reserve, Wellington",2,28.5,New Zealand,Australia,ML Green,AC Kerr,A King,0,0,,,,,,run out,AC Kerr,,
1443566,2024/25,2024-12-21,"Basin Reserve, Wellington",2,28.6,New Zealand,Australia,LR Down,ML Green,A King,0,0,,,,,,,,,
1443566,2024/25,2024-12-21,"Basin Reserve, Wellington",2,29.1,New Zealand,Australia,ML Green,LR Down,ML Schutt,0,0,,,,,,,,,
1443566,2024/25,2024-12-21,"Basin Reserve, Wellington",2,29.2,New Zealand,Australia,ML Green,LR Down,ML Schutt,2,0,,,,,,,,,
1443566,2024/25,2024-12-21,"Basin Reserve, Wellington",2,29.3,New Zealand,Australia,ML Green,LR Down,ML Schutt,0,0,,,,,,,,,
1443566,2024/25,2024-12-21,"Basin Reserve, Wellington",2,29.4,New Zealand,Australia,ML Green,LR Down,ML Schutt,4,0,,,,,,,,,
1443566,2024/25,2024-12-21,"Basin Reserve, Wellington",2,29.5,New Zealand,Australia,ML Green,LR Down,ML Schutt,0,0,,,,,,,,,
1443566,2024/25,2024-12-21,"Basin Reserve, Wellington",2,29.6,New Zealand,Australia,ML Green,LR Down,ML Schutt,1,0,,,,,,,,,
1443566,2024/25,2024-12-21,"Basin Reserve, Wellington",2,30.1,New Zealand,Australia,ML Green,LR Down,A King,4,0,,,,,,,,,
